n,bst,aa,avl
1000,19,14,12
2000,23,15,13
3000,25,16,14
4000,26,16,14
5000,26,18,15
6000,27,17,15
7000,27,18,15
8000,28,18,16
9000,29,19,16
10000,29,19,16
11000,30,20,16
12000,30,20,16
13000,31,18,16
14000,32,18,16
15000,32,20,16
16000,32,19,17
17000,32,20,17
18000,32,20,17
19000,32,20,17
20000,32,20,17
21000,32,20,17
22000,32,20,17
23000,33,21,17
24000,33,20,17
25000,34,20,18
26000,34,21,18
27000,34,21,18
28000,34,21,18
29000,34,21,18
30000,34,21,18
31000,34,21,18
32000,36,22,18
33000,36,21,18
34000,36,21,18
35000,36,20,18
36000,36,20,18
37000,36,21,18
38000,36,21,18
39000,36,21,18
40000,36,21,18
41000,36,21,18
42000,36,21,18
43000,36,22,18
44000,36,22,18
45000,36,22,18
46000,36,22,19
47000,36,22,19
48000,36,23,19
49000,36,23,19
50000,37,22,19
51000,37,22,19
52000,37,22,19
53000,37,22,19
54000,37,22,19
55000,37,23,19
56000,37,23,19
57000,37,23,19
58000,37,23,19
59000,37,23,19
60000,37,23,19
61000,37,23,19
62000,37,23,19
63000,37,23,19
64000,37,23,19
65000,37,23,19
66000,37,23,19
67000,37,23,19
68000,37,23,19
69000,37,23,19
70000,37,23,19
71000,37,23,19
72000,37,23,19
73000,37,23,19
74000,37,24,19
75000,37,24,19
76000,37,24,19
77000,37,24,19
78000,37,23,20
79000,38,23,20
80000,38,24,20
81000,38,24,20
82000,38,23,20
83000,38,23,20
84000,38,23,20
85000,39,23,20
86000,39,22,20
87000,39,23,20
88000,39,23,20
89000,39,23,20
90000,39,23,20
91000,39,23,20
92000,40,23,20
93000,40,24,20
94000,40,24,20
95000,40,24,20
96000,41,24,20
97000,41,24,20
98000,41,24,20
99000,41,24,20
100000,41,24,20
101000,41,24,20
102000,42,24,20
103000,42,24,20
104000,42,24,20
105000,42,23,20
106000,42,23,20
107000,42,23,20
108000,42,23,20
109000,42,23,20
110000,42,23,20
111000,42,23,20
112000,42,23,20
113000,42,24,20
114000,42,24,20
115000,42,24,20
116000,42,25,20
117000,42,25,20
118000,42,25,20
119000,42,25,20
120000,42,25,20
121000,42,24,20
122000,42,24,20
123000,42,24,20
124000,43,24,20
125000,59,24,20
125855,63,24,20
